{
"year": "2015",
"metaSession": "",
"pdf1page": "http://editions-rnti.fr/render_pdf.php?p1&p=1002055",
"pdfarticle": "",
"abstract": "Big Data is now becoming a buzz word in information technology industry and research. Is Big Data only about large volume of data?, and if it is yes, why is it suddenly becoming a trend. Hasn't the growth of data volume been gigantic in the last decade? From a research point of view, it is not surprising to see researchers from all walks of computer science are trying to align their research to Big Data for the sake of being trendy. The question remains whether it tackles the real Big Data problems. In this talk, I will describe the misconceptions of Big Data, present motivating cases, and discuss the unavoidable challenges faced by industry and research.",
"title": "Big Data is all about data that we don't have",
"placeAut": "",
"series": "Revue des Nouvelles Technologies de l'Information",
"location": "{u'lat': 49.815273, u'lon': 6.129582999999999}",
"place": "Luxembourg",
"booktitle": "EGC",
"idArt": "10",
"authors": "[u'David Taniar']"
}