{
"year": "2015",
"metaSession": "",
"pdf1page": "http://editions-rnti.fr/render_pdf.php?p1&p=1002114",
"pdfarticle": "",
"abstract": "Cet article présente une solution centrée sur les ontologies pour la classification multi-label automatique d'information nécessaire à un système de recommandation d'informations économiques.",
"title": "Classification multi-label par raisonnement logique pour l'indexation sémantique de documents",
"placeAut": "",
"series": "Revue des Nouvelles Technologies de l'Information",
"location": "{u'lat': 49.815273, u'lon': 6.129582999999999}",
"place": "Luxembourg",
"booktitle": "EGC",
"idArt": "14",
"authors": "[u'David Werner', u'Christophe Cruz', u'Aur\xe9lie Bertaux']"
}