{
"year": "2015",
"metaSession": "6",
"pdf1page": "http://editions-rnti.fr/render_pdf.php?p1&p=1002079",
"pdfarticle": "",
"abstract": "La démocratisation d'Internet, couplée à l'effet de la mondialisation, a pour résultat d'interconnecter les personnes, les états et les entreprises. Le côté déplaisant de cette interconnexion mondiale des systèmes d'information réside dans un phénomène appelé Cybercriminalité. Nous proposons une méthode de visualisation de grands graphes et l'exploitation d'analyses statiques des flux permettant de détecter les comportements anormaux et dangereux afin d'appréhender les risques d'une façon compréhensible par tous les acteurs.",
"title": "Analyse visuelle pour la détection des intrusions",
"placeAut": "",
"series": "Revue des Nouvelles Technologies de l'Information",
"location": "{u'lat': 49.815273, u'lon': 6.129582999999999}",
"place": "Luxembourg",
"booktitle": "EGC",
"idArt": "6",
"authors": "[u'David Pierrot', u'Nouria Harbi']"
}