{
"year": "2015",
"metaSession": "",
"pdf1page": "http://editions-rnti.fr/render_pdf.php?p1&p=1002118",
"pdfarticle": "",
"abstract": "We observe an increasing amount of sequential data, for instance open data sources provide real-time information. In order to apply classical learning algorithms, sequential data are often modelled in an attribute-value setting using a sliding window. In this paper, we propose a relational approach. A first advantage is to let the relational algorithm choose the length of the window. A second advantage is to allow to consider conditions based on the existential quantifier and aggregates. A third advantage is to be able to consider several granularities at the same time.",
"title": "Approche relationnelle de l'apprentissage de séquences",
"placeAut": "",
"series": "Revue des Nouvelles Technologies de l'Information",
"location": "{u'lat': 49.815273, u'lon': 6.129582999999999}",
"place": "Luxembourg",
"booktitle": "EGC",
"idArt": "8",
"authors": "[u'Cl\xe9ment Charnay', u'Nicolas Lachiche', u'Agn\xe8s Braud']"
}