{
"year": "2015",
"metaSession": "",
"pdf1page": "http://editions-rnti.fr/render_pdf.php?p1&p=1002113",
"pdfarticle": "",
"abstract": "RDF(S)/OWL data sources are not organized according to a predefined schema, as they are structureless by nature. This lack of schema limits their use to express queries or to understand their content. Our work is a contribution towards the inference of the structure of RDF(S)/OWL data sources. We present an approach relying on density-based clustering to discover the types describing the entities of possibly incomplete and noisy data sets.",
"title": "A Clustering Based Approach for Type Discovery in RDF Data Sources",
"placeAut": "[{u'country': u'France', u'place': u'Versailles', u'location': {u'lat': 48.801408, u'lon': 2.1301220000000285}}]",
"series": "Revue des Nouvelles Technologies de l'Information",
"location": "{u'lat': 49.815273, u'lon': 6.129582999999999}",
"place": "Luxembourg",
"booktitle": "EGC",
"idArt": "1",
"authors": "[u'Kenza Kellou-Menouer', u'Zoubida Kedad']"
}